<?xml version="1.0" encoding="utf-8" standalone="yes"?>
<rss version="2.0" xmlns:atom="http://www.w3.org/2005/Atom" xmlns:content="http://purl.org/rss/1.0/modules/content/">
  <channel>
    <title>Categories on Suresh Gehlot</title>
    <link>http://example.org/categories/</link>
    <description>Recent content in Categories on Suresh Gehlot</description>
    <generator>Hugo -- gohugo.io</generator>
    <language>en-us</language>
    <lastBuildDate>Sat, 17 Jun 2023 22:29:08 +0530</lastBuildDate><atom:link href="http://example.org/categories/index.xml" rel="self" type="application/rss+xml" />
    <item>
      <title>philosophy</title>
      <link>http://example.org/categories/philosophy/</link>
      <pubDate>Sat, 17 Jun 2023 22:29:08 +0530</pubDate>
      
      <guid>http://example.org/categories/philosophy/</guid>
      <description></description>
    </item>
    
  </channel>
</rss>
